,loss,mae,mse,msle,val_loss,val_mae,val_mse,val_msle,epoch
0,1.5250802040100098,0.30905023217201233,0.151781365275383,0.07444102317094803,1.4277307987213135,0.3001508414745331,0.14385886490345,0.06999924033880234,0
1,1.3248212337493896,0.2901747524738312,0.13484275341033936,0.06501197814941406,1.2849129438400269,0.2841643691062927,0.13118883967399597,0.06318177282810211,1
2,1.136614203453064,0.2670780122280121,0.11621993780136108,0.05518503859639168,1.1061664819717407,0.2589849531650543,0.11259793490171432,0.0536474771797657,2
3,0.9017917513847351,0.2274833619594574,0.0889873132109642,0.041729170829057693,0.8925093412399292,0.21836799383163452,0.08750084042549133,0.04150678217411041,3
4,0.7211506962776184,0.18468670547008514,0.06748940050601959,0.03180320933461189,0.7607865333557129,0.18612968921661377,0.07296987622976303,0.034748513251543045,4
5,0.6263392567634583,0.1569693237543106,0.05755520984530449,0.027334393933415413,0.6899929642677307,0.16652627289295197,0.0663929209113121,0.03173336386680603,5
6,0.57240891456604,0.1403922587633133,0.05259738489985466,0.0250908974558115,0.6532243490219116,0.15488232672214508,0.06363978981971741,0.0304997768253088,6
7,0.5358280539512634,0.12961207330226898,0.04945545271039009,0.023657461628317833,0.635614812374115,0.14766070246696472,0.06293649971485138,0.03024231642484665,7
8,0.5076732039451599,0.12184231728315353,0.04705270007252693,0.0225558839738369,0.62599116563797,0.14263053238391876,0.06293824315071106,0.030311906710267067,8
9,0.4843922257423401,0.11573266983032227,0.04499412700533867,0.021606910973787308,0.6189613342285156,0.13862530887126923,0.06299051642417908,0.030391529202461243,9
10,0.4641929864883423,0.11060599982738495,0.04310335963964462,0.02072853222489357,0.612342119216919,0.1351073980331421,0.06285563111305237,0.030369212850928307,10
11,0.4458457827568054,0.10609170794487,0.041259292513132095,0.019865235313773155,0.6056183576583862,0.13189953565597534,0.06250304728746414,0.030233202502131462,11
12,0.42845210433006287,0.10194450616836548,0.03938033804297447,0.01897999458014965,0.5984361171722412,0.1288595348596573,0.061940740793943405,0.02998909167945385,12
13,0.4114590883255005,0.09798373281955719,0.03742413967847824,0.018054110929369926,0.5907820463180542,0.1259092539548874,0.06119539588689804,0.029652250930666924,13
14,0.3944135308265686,0.09405139833688736,0.03536326810717583,0.01707485131919384,0.5827141404151917,0.1229892149567604,0.06033298745751381,0.029254885390400887,14
15,0.37710925936698914,0.09005098789930344,0.033212512731552124,0.016050003468990326,0.5745251178741455,0.12009792029857635,0.05942180007696152,0.028831420466303825,15
16,0.3597864806652069,0.08598711341619492,0.031060390174388885,0.015023843385279179,0.566256582736969,0.11723560094833374,0.058482903987169266,0.028393572196364403,16
17,0.34299105405807495,0.08196443319320679,0.029041176661849022,0.01406348217278719,0.5582207441329956,0.11444217711687088,0.05757436156272888,0.027971040457487106,17
18,0.32719185948371887,0.07809024304151535,0.02724127285182476,0.01321091502904892,0.550405740737915,0.11173959821462631,0.05669815465807915,0.027565939351916313,18
19,0.31261199712753296,0.07443586736917496,0.025681428611278534,0.012474287301301956,0.5432579517364502,0.109178327023983,0.05590735003352165,0.027203502133488655,19
20,0.29928088188171387,0.0710320770740509,0.02434462681412697,0.01184357050806284,0.5368282794952393,0.10678218305110931,0.05519980192184448,0.026881441473960876,20
21,0.287052720785141,0.06787601858377457,0.02319229207932949,0.011298850178718567,0.5313446521759033,0.1045658141374588,0.05461108312010765,0.026614708825945854,21
22,0.27582043409347534,0.06496488302946091,0.02219257317483425,0.010824567638337612,0.5269519686698914,0.1025521457195282,0.05415533855557442,0.02640855871140957,22
23,0.2654397487640381,0.06228228658437729,0.021312890574336052,0.010405070148408413,0.5232940912246704,0.10072076320648193,0.05379073694348335,0.026242071762681007,23
24,0.25581350922584534,0.059807512909173965,0.020530065521597862,0.010029468685388565,0.5206596851348877,0.09909873455762863,0.05353839322924614,0.026126274839043617,24
25,0.24687573313713074,0.057527314871549606,0.019825363531708717,0.009689331986010075,0.5185573101043701,0.0976235419511795,0.05333400517702103,0.026030587032437325,25
26,0.2385449856519699,0.05541417747735977,0.019180461764335632,0.009376400150358677,0.5168775916099548,0.09628375619649887,0.0531616285443306,0.025948280468583107,26
27,0.230843648314476,0.053466133773326874,0.018594913184642792,0.009090918116271496,0.5158184766769409,0.09510985761880875,0.05304364114999771,0.025891203433275223,27
28,0.22370362281799316,0.05165995657444,0.018057942390441895,0.008828275837004185,0.5150516033172607,0.0940738245844841,0.052951548248529434,0.025845827534794807,28
29,0.217113196849823,0.04999012500047684,0.017568431794643402,0.008588237687945366,0.5141268372535706,0.09308994561433792,0.05283406749367714,0.02578721195459366,29
