fold,class,fpr,tpr
0,0,0.0,0.0
0,0,0.009259259259259259,0.0
0,0,0.027777777777777776,0.0
0,0,0.027777777777777776,0.09375
0,0,0.037037037037037035,0.09375
0,0,0.037037037037037035,0.125
0,0,0.046296296296296294,0.125
0,0,0.046296296296296294,0.34375
0,0,0.05555555555555555,0.34375
0,0,0.05555555555555555,0.40625
0,0,0.06481481481481481,0.40625
0,0,0.06481481481481481,0.4375
0,0,0.09259259259259259,0.4375
0,0,0.09259259259259259,0.46875
0,0,0.1111111111111111,0.46875
0,0,0.1111111111111111,0.53125
0,0,0.12037037037037036,0.53125
0,0,0.12037037037037036,0.5625
0,0,0.12962962962962962,0.5625
0,0,0.12962962962962962,0.625
0,0,0.1388888888888889,0.625
0,0,0.1388888888888889,0.6875
0,0,0.16666666666666666,0.6875
0,0,0.16666666666666666,0.78125
0,0,0.17592592592592593,0.78125
0,0,0.17592592592592593,0.8125
0,0,0.2222222222222222,0.8125
0,0,0.2222222222222222,0.84375
0,0,0.24074074074074073,0.84375
0,0,0.24074074074074073,0.875
0,0,0.25,0.875
0,0,0.25,0.90625
0,0,0.26851851851851855,0.90625
0,0,0.26851851851851855,0.9375
0,0,0.2777777777777778,0.9375
0,0,0.2777777777777778,0.96875
0,0,0.3055555555555556,0.96875
0,0,0.3055555555555556,1.0
0,0,1.0,1.0
0,1,0.0,0.0
0,1,0.0,0.04
0,1,0.0,0.88
0,1,0.02608695652173913,0.88
0,1,0.02608695652173913,0.92
0,1,0.043478260869565216,0.92
0,1,0.043478260869565216,0.96
0,1,0.08695652173913043,0.96
0,1,0.08695652173913043,1.0
0,1,1.0,1.0
0,2,0.0,0.0
0,2,0.0,0.030303030303030304
0,2,0.0,0.5454545454545454
0,2,0.009345794392523364,0.5454545454545454
0,2,0.009345794392523364,0.6666666666666666
0,2,0.07476635514018691,0.6666666666666666
0,2,0.07476635514018691,0.696969696969697
0,2,0.11214953271028037,0.696969696969697
0,2,0.11214953271028037,0.7575757575757576
0,2,0.14953271028037382,0.7575757575757576
0,2,0.14953271028037382,0.8181818181818182
0,2,0.16822429906542055,0.8181818181818182
0,2,0.16822429906542055,0.8484848484848485
0,2,0.2616822429906542,0.8484848484848485
0,2,0.2616822429906542,0.8787878787878788
0,2,0.2897196261682243,0.8787878787878788
0,2,0.2897196261682243,0.9090909090909091
0,2,0.32710280373831774,0.9090909090909091
0,2,0.32710280373831774,0.9393939393939394
0,2,0.411214953271028,0.9393939393939394
0,2,0.411214953271028,0.9696969696969697
0,2,0.8691588785046729,0.9696969696969697
0,2,0.8691588785046729,1.0
0,2,1.0,1.0
0,3,0.0,0.0
0,3,0.0,0.041666666666666664
0,3,0.0,0.875
0,3,0.3017241379310345,0.875
0,3,0.3017241379310345,0.9166666666666666
0,3,0.8275862068965517,0.9166666666666666
0,3,0.8275862068965517,0.9583333333333334
0,3,0.8706896551724138,0.9583333333333334
0,3,0.8706896551724138,1.0
0,3,1.0,1.0
0,4,0.0,0.0
0,4,0.0,0.038461538461538464
0,4,0.0,0.8846153846153846
0,4,0.008771929824561403,0.8846153846153846
0,4,0.008771929824561403,1.0
0,4,1.0,1.0
1,0,0.0,0.0
1,0,0.009708737864077669,0.0
1,0,0.009708737864077669,0.10810810810810811
1,0,0.019417475728155338,0.10810810810810811
1,0,0.019417475728155338,0.40540540540540543
1,0,0.02912621359223301,0.40540540540540543
1,0,0.02912621359223301,0.5945945945945946
1,0,0.038834951456310676,0.5945945945945946
1,0,0.038834951456310676,0.6216216216216216
1,0,0.04854368932038835,0.6216216216216216
1,0,0.04854368932038835,0.7027027027027027
1,0,0.05825242718446602,0.7027027027027027
1,0,0.05825242718446602,0.7567567567567568
1,0,0.06796116504854369,0.7567567567567568
1,0,0.06796116504854369,0.7837837837837838
1,0,0.08737864077669903,0.7837837837837838
1,0,0.08737864077669903,0.8378378378378378
1,0,0.11650485436893204,0.8378378378378378
1,0,0.11650485436893204,0.8648648648648649
1,0,0.1262135922330097,0.8648648648648649
1,0,0.1262135922330097,0.8918918918918919
1,0,0.14563106796116504,0.8918918918918919
1,0,0.14563106796116504,0.918918918918919
1,0,0.22330097087378642,0.918918918918919
1,0,0.22330097087378642,0.9459459459459459
1,0,0.27184466019417475,0.9459459459459459
1,0,0.27184466019417475,0.972972972972973
1,0,0.33980582524271846,0.972972972972973
1,0,0.33980582524271846,1.0
1,0,1.0,1.0
1,1,0.0,0.0
1,1,0.0,0.045454545454545456
1,1,0.0,1.0
1,1,1.0,1.0
1,2,0.0,0.0
1,2,0.0,0.037037037037037035
1,2,0.0,0.8148148148148148
1,2,0.008849557522123894,0.8148148148148148
1,2,0.008849557522123894,0.8518518518518519
1,2,0.02654867256637168,0.8518518518518519
1,2,0.02654867256637168,0.8888888888888888
1,2,0.12389380530973451,0.8888888888888888
1,2,0.12389380530973451,0.9259259259259259
1,2,0.2831858407079646,0.9259259259259259
1,2,0.2831858407079646,0.9629629629629629
1,2,0.2920353982300885,0.9629629629629629
1,2,0.2920353982300885,1.0
1,2,1.0,1.0
1,3,0.0,0.0
1,3,0.0,0.043478260869565216
1,3,0.0,0.8695652173913043
1,3,0.42735042735042733,0.8695652173913043
1,3,0.42735042735042733,0.9130434782608695
1,3,0.6752136752136753,0.9130434782608695
1,3,0.6752136752136753,0.9565217391304348
1,3,0.8205128205128205,0.9565217391304348
1,3,0.8205128205128205,1.0
1,3,1.0,1.0
1,4,0.0,0.0
1,4,0.0,0.03225806451612903
1,4,0.0,1.0
1,4,1.0,1.0
2,0,0.0,0.0
2,0,0.008928571428571428,0.0
2,0,0.017857142857142856,0.0
2,0,0.017857142857142856,0.07142857142857142
2,0,0.03571428571428571,0.07142857142857142
2,0,0.03571428571428571,0.25
2,0,0.044642857142857144,0.25
2,0,0.044642857142857144,0.32142857142857145
2,0,0.05357142857142857,0.32142857142857145
2,0,0.05357142857142857,0.35714285714285715
2,0,0.08035714285714286,0.35714285714285715
2,0,0.08035714285714286,0.39285714285714285
2,0,0.09821428571428571,0.39285714285714285
2,0,0.09821428571428571,0.42857142857142855
2,0,0.10714285714285714,0.42857142857142855
2,0,0.10714285714285714,0.5
2,0,0.125,0.5
2,0,0.125,0.6785714285714286
2,0,0.13392857142857142,0.6785714285714286
2,0,0.13392857142857142,0.75
2,0,0.16071428571428573,0.75
2,0,0.16071428571428573,0.7857142857142857
2,0,0.16964285714285715,0.7857142857142857
2,0,0.16964285714285715,0.8214285714285714
2,0,0.1875,0.8214285714285714
2,0,0.1875,0.8571428571428571
2,0,0.20535714285714285,0.8571428571428571
2,0,0.20535714285714285,0.8928571428571429
2,0,0.2857142857142857,0.8928571428571429
2,0,0.2857142857142857,0.9285714285714286
2,0,0.30357142857142855,0.9285714285714286
2,0,0.30357142857142855,0.9642857142857143
2,0,0.6517857142857143,0.9642857142857143
2,0,0.6517857142857143,1.0
2,0,1.0,1.0
2,1,0.0,0.0
2,1,0.0,0.045454545454545456
2,1,0.0,1.0
2,1,1.0,1.0
2,2,0.0,0.0
2,2,0.0,0.03225806451612903
2,2,0.0,0.8064516129032258
2,2,0.009174311926605505,0.8064516129032258
2,2,0.009174311926605505,0.8387096774193549
2,2,0.05504587155963303,0.8387096774193549
2,2,0.05504587155963303,0.8709677419354839
2,2,0.06422018348623854,0.8709677419354839
2,2,0.06422018348623854,0.9032258064516129
2,2,0.22018348623853212,0.9032258064516129
2,2,0.22018348623853212,0.9354838709677419
2,2,0.8807339449541285,0.9354838709677419
2,2,0.8807339449541285,0.967741935483871
2,2,0.9357798165137615,0.967741935483871
2,2,0.9357798165137615,1.0
2,2,1.0,1.0
2,3,0.0,0.0
2,3,0.0,0.03125
2,3,0.0,0.84375
2,3,0.3333333333333333,0.84375
2,3,0.3333333333333333,0.875
2,3,0.49074074074074076,0.875
2,3,0.49074074074074076,0.90625
2,3,0.6944444444444444,0.90625
2,3,0.6944444444444444,0.9375
2,3,0.7685185185185185,0.9375
2,3,0.7685185185185185,1.0
2,3,1.0,1.0
2,4,0.0,0.0
2,4,0.0,0.037037037037037035
2,4,0.0,0.9259259259259259
2,4,0.008849557522123894,0.9259259259259259
2,4,0.008849557522123894,1.0
2,4,1.0,1.0
3,0,0.0,0.0
3,0,0.008620689655172414,0.0
3,0,0.02586206896551724,0.0
3,0,0.02586206896551724,0.2916666666666667
3,0,0.034482758620689655,0.2916666666666667
3,0,0.034482758620689655,0.4166666666666667
3,0,0.05172413793103448,0.4166666666666667
3,0,0.05172413793103448,0.5416666666666666
3,0,0.0603448275862069,0.5416666666666666
3,0,0.0603448275862069,0.625
3,0,0.06896551724137931,0.625
3,0,0.06896551724137931,0.6666666666666666
3,0,0.08620689655172414,0.6666666666666666
3,0,0.08620689655172414,0.7916666666666666
3,0,0.13793103448275862,0.7916666666666666
3,0,0.13793103448275862,0.8333333333333334
3,0,0.16379310344827586,0.8333333333333334
3,0,0.16379310344827586,0.875
3,0,0.25862068965517243,0.875
3,0,0.25862068965517243,0.9166666666666666
3,0,0.31896551724137934,0.9166666666666666
3,0,0.31896551724137934,0.9583333333333334
3,0,0.3448275862068966,0.9583333333333334
3,0,0.3448275862068966,1.0
3,0,1.0,1.0
3,1,0.0,0.0
3,1,0.0,0.03125
3,1,0.0,0.96875
3,1,0.12037037037037036,0.96875
3,1,0.12037037037037036,1.0
3,1,1.0,1.0
3,2,0.0,0.0
3,2,0.0,0.03571428571428571
3,2,0.0,0.6071428571428571
3,2,0.008928571428571428,0.6071428571428571
3,2,0.008928571428571428,0.6428571428571429
3,2,0.017857142857142856,0.6428571428571429
3,2,0.017857142857142856,0.7142857142857143
3,2,0.11607142857142858,0.7142857142857143
3,2,0.11607142857142858,0.75
3,2,0.15178571428571427,0.75
3,2,0.15178571428571427,0.8928571428571429
3,2,0.17857142857142858,0.8928571428571429
3,2,0.17857142857142858,0.9285714285714286
3,2,0.7946428571428571,0.9285714285714286
3,2,0.7946428571428571,0.9642857142857143
3,2,0.9107142857142857,0.9642857142857143
3,2,0.9107142857142857,1.0
3,2,1.0,1.0
3,3,0.0,0.0
3,3,0.0,0.037037037037037035
3,3,0.0,0.7777777777777778
3,3,0.061946902654867256,0.7777777777777778
3,3,0.061946902654867256,0.8148148148148148
3,3,0.11504424778761062,0.8148148148148148
3,3,0.11504424778761062,0.8518518518518519
3,3,0.7079646017699115,0.8518518518518519
3,3,0.7079646017699115,0.8888888888888888
3,3,0.7168141592920354,0.8888888888888888
3,3,0.7168141592920354,0.9259259259259259
3,3,0.7610619469026548,0.9259259259259259
3,3,0.7610619469026548,1.0
3,3,1.0,1.0
3,4,0.0,0.0
3,4,0.0,0.034482758620689655
3,4,0.0,0.9310344827586207
3,4,0.009009009009009009,0.9310344827586207
3,4,0.009009009009009009,0.9655172413793104
3,4,0.018018018018018018,0.9655172413793104
3,4,0.018018018018018018,1.0
3,4,1.0,1.0
4,0,0.0,0.0
4,0,0.008928571428571428,0.0
4,0,0.017857142857142856,0.0
4,0,0.017857142857142856,0.21428571428571427
4,0,0.026785714285714284,0.21428571428571427
4,0,0.026785714285714284,0.39285714285714285
4,0,0.03571428571428571,0.39285714285714285
4,0,0.03571428571428571,0.4642857142857143
4,0,0.05357142857142857,0.4642857142857143
4,0,0.05357142857142857,0.5
4,0,0.07142857142857142,0.5
4,0,0.07142857142857142,0.5357142857142857
4,0,0.08035714285714286,0.5357142857142857
4,0,0.08035714285714286,0.6785714285714286
4,0,0.08928571428571429,0.6785714285714286
4,0,0.08928571428571429,0.7142857142857143
4,0,0.09821428571428571,0.7142857142857143
4,0,0.09821428571428571,0.75
4,0,0.10714285714285714,0.75
4,0,0.10714285714285714,0.8928571428571429
4,0,0.19642857142857142,0.8928571428571429
4,0,0.19642857142857142,0.9285714285714286
4,0,0.20535714285714285,0.9285714285714286
4,0,0.20535714285714285,1.0
4,0,1.0,1.0
4,1,0.0,0.0
4,1,0.0,0.038461538461538464
4,1,0.0,0.8846153846153846
4,1,0.008771929824561403,0.8846153846153846
4,1,0.008771929824561403,0.9615384615384616
4,1,0.05263157894736842,0.9615384615384616
4,1,0.05263157894736842,1.0
4,1,1.0,1.0
4,2,0.0,0.0
4,2,0.0,0.024390243902439025
4,2,0.0,0.8048780487804879
4,2,0.010101010101010102,0.8048780487804879
4,2,0.010101010101010102,0.8292682926829268
4,2,0.020202020202020204,0.8292682926829268
4,2,0.020202020202020204,0.8536585365853658
4,2,0.2727272727272727,0.8536585365853658
4,2,0.2727272727272727,0.8780487804878049
4,2,0.31313131313131315,0.8780487804878049
4,2,0.31313131313131315,0.926829268292683
4,2,0.32323232323232326,0.926829268292683
4,2,0.32323232323232326,0.9512195121951219
4,2,0.7878787878787878,0.9512195121951219
4,2,0.7878787878787878,0.975609756097561
4,2,0.797979797979798,0.975609756097561
4,2,0.797979797979798,1.0
4,2,1.0,1.0
4,3,0.0,0.0
4,3,0.0,0.045454545454545456
4,3,0.0,0.9090909090909091
4,3,0.4322033898305085,0.9090909090909091
4,3,0.4322033898305085,0.9545454545454546
4,3,0.7796610169491526,0.9545454545454546
4,3,0.7796610169491526,1.0
4,3,1.0,1.0
4,4,0.0,0.0
4,4,0.0,0.043478260869565216
4,4,0.0,1.0
4,4,1.0,1.0
5,0,0.0,0.0
5,0,0.009009009009009009,0.0
5,0,0.036036036036036036,0.0
5,0,0.036036036036036036,0.20689655172413793
5,0,0.04504504504504504,0.20689655172413793
5,0,0.04504504504504504,0.41379310344827586
5,0,0.05405405405405406,0.41379310344827586
5,0,0.05405405405405406,0.4827586206896552
5,0,0.07207207207207207,0.4827586206896552
5,0,0.07207207207207207,0.5172413793103449
5,0,0.08108108108108109,0.5172413793103449
5,0,0.08108108108108109,0.5862068965517241
5,0,0.09009009009009009,0.5862068965517241
5,0,0.09009009009009009,0.7241379310344828
5,0,0.0990990990990991,0.7241379310344828
5,0,0.0990990990990991,0.7586206896551724
5,0,0.13513513513513514,0.7586206896551724
5,0,0.13513513513513514,0.7931034482758621
5,0,0.15315315315315314,0.7931034482758621
5,0,0.15315315315315314,0.8275862068965517
5,0,0.16216216216216217,0.8275862068965517
5,0,0.16216216216216217,0.8620689655172413
5,0,0.2882882882882883,0.8620689655172413
5,0,0.2882882882882883,0.9310344827586207
5,0,0.36036036036036034,0.9310344827586207
5,0,0.36036036036036034,0.9655172413793104
5,0,0.6306306306306306,0.9655172413793104
5,0,0.6306306306306306,1.0
5,0,1.0,1.0
5,1,0.0,0.0
5,1,0.0,0.03333333333333333
5,1,0.0,0.9333333333333333
5,1,0.08181818181818182,0.9333333333333333
5,1,0.08181818181818182,0.9666666666666667
5,1,0.09090909090909091,0.9666666666666667
5,1,0.09090909090909091,1.0
5,1,1.0,1.0
5,2,0.0,0.0
5,2,0.0,0.03225806451612903
5,2,0.0,0.8387096774193549
5,2,0.10091743119266056,0.8387096774193549
5,2,0.10091743119266056,0.8709677419354839
5,2,0.12844036697247707,0.8709677419354839
5,2,0.12844036697247707,0.9032258064516129
5,2,0.8440366972477065,0.9032258064516129
5,2,0.8440366972477065,0.9354838709677419
5,2,0.926605504587156,0.9354838709677419
5,2,0.926605504587156,0.967741935483871
5,2,0.944954128440367,0.967741935483871
5,2,0.944954128440367,1.0
5,2,1.0,1.0
5,3,0.0,0.0
5,3,0.0,0.030303030303030304
5,3,0.0,0.9393939393939394
5,3,0.09345794392523364,0.9393939393939394
5,3,0.09345794392523364,0.9696969696969697
5,3,0.34579439252336447,0.9696969696969697
5,3,0.34579439252336447,1.0
5,3,1.0,1.0
5,4,0.0,0.0
5,4,0.0,0.058823529411764705
5,4,0.0,0.8823529411764706
5,4,0.008130081300813009,0.8823529411764706
5,4,0.008130081300813009,1.0
5,4,1.0,1.0
6,0,0.0,0.0
6,0,0.009174311926605505,0.0
6,0,0.027522935779816515,0.0
6,0,0.027522935779816515,0.0967741935483871
6,0,0.03669724770642202,0.0967741935483871
6,0,0.03669724770642202,0.4838709677419355
6,0,0.045871559633027525,0.4838709677419355
6,0,0.045871559633027525,0.5161290322580645
6,0,0.05504587155963303,0.5161290322580645
6,0,0.05504587155963303,0.6451612903225806
6,0,0.07339449541284404,0.6451612903225806
6,0,0.07339449541284404,0.6774193548387096
6,0,0.09174311926605505,0.6774193548387096
6,0,0.09174311926605505,0.7096774193548387
6,0,0.11009174311926606,0.7096774193548387
6,0,0.11009174311926606,0.7419354838709677
6,0,0.11926605504587157,0.7419354838709677
6,0,0.11926605504587157,0.7741935483870968
6,0,0.12844036697247707,0.7741935483870968
6,0,0.12844036697247707,0.8064516129032258
6,0,0.14678899082568808,0.8064516129032258
6,0,0.14678899082568808,0.8387096774193549
6,0,0.22018348623853212,0.8387096774193549
6,0,0.22018348623853212,0.8709677419354839
6,0,0.30275229357798167,0.8709677419354839
6,0,0.30275229357798167,0.9032258064516129
6,0,0.3394495412844037,0.9032258064516129
6,0,0.3394495412844037,0.9354838709677419
6,0,0.3853211009174312,0.9354838709677419
6,0,0.3853211009174312,0.967741935483871
6,0,0.43119266055045874,0.967741935483871
6,0,0.43119266055045874,1.0
6,0,1.0,1.0
6,1,0.0,0.0
6,1,0.0,0.041666666666666664
6,1,0.0,0.875
6,1,0.008620689655172414,0.875
6,1,0.008620689655172414,0.9166666666666666
6,1,0.10344827586206896,0.9166666666666666
6,1,0.10344827586206896,0.9583333333333334
6,1,0.13793103448275862,0.9583333333333334
6,1,0.13793103448275862,1.0
6,1,1.0,1.0
6,2,0.0,0.0
6,2,0.0,0.025
6,2,0.0,0.7
6,2,0.14,0.7
6,2,0.14,0.725
6,2,0.19,0.725
6,2,0.19,0.75
6,2,0.21,0.75
6,2,0.21,0.775
6,2,0.26,0.775
6,2,0.26,0.8
6,2,0.3,0.8
6,2,0.3,0.925
6,2,0.91,0.925
6,2,0.91,0.95
6,2,0.93,0.95
6,2,0.93,0.975
6,2,0.95,0.975
6,2,0.95,1.0
6,2,1.0,1.0
6,3,0.0,0.0
6,3,0.0,0.05555555555555555
6,3,0.0,0.9444444444444444
6,3,0.26229508196721313,0.9444444444444444
6,3,0.26229508196721313,1.0
6,3,1.0,1.0
6,4,0.0,0.0
6,4,0.0,0.037037037037037035
6,4,0.0,0.7407407407407407
6,4,0.008849557522123894,0.7407407407407407
6,4,0.008849557522123894,0.7777777777777778
6,4,0.017699115044247787,0.7777777777777778
6,4,0.017699115044247787,0.8148148148148148
6,4,0.02654867256637168,0.8148148148148148
6,4,0.02654867256637168,1.0
6,4,1.0,1.0
7,0,0.0,0.0
7,0,0.008771929824561403,0.0
7,0,0.02631578947368421,0.0
7,0,0.02631578947368421,0.07692307692307693
7,0,0.03508771929824561,0.07692307692307693
7,0,0.03508771929824561,0.11538461538461539
7,0,0.043859649122807015,0.11538461538461539
7,0,0.043859649122807015,0.19230769230769232
7,0,0.05263157894736842,0.19230769230769232
7,0,0.05263157894736842,0.23076923076923078
7,0,0.07894736842105263,0.23076923076923078
7,0,0.07894736842105263,0.2692307692307692
7,0,0.08771929824561403,0.2692307692307692
7,0,0.08771929824561403,0.34615384615384615
7,0,0.09649122807017543,0.34615384615384615
7,0,0.09649122807017543,0.5384615384615384
7,0,0.11403508771929824,0.5384615384615384
7,0,0.11403508771929824,0.6153846153846154
7,0,0.17543859649122806,0.6153846153846154
7,0,0.17543859649122806,0.6538461538461539
7,0,0.19298245614035087,0.6538461538461539
7,0,0.19298245614035087,0.7692307692307693
7,0,0.21929824561403508,0.7692307692307693
7,0,0.21929824561403508,0.8076923076923077
7,0,0.2631578947368421,0.8076923076923077
7,0,0.2631578947368421,0.8461538461538461
7,0,0.2982456140350877,0.8461538461538461
7,0,0.2982456140350877,0.8846153846153846
7,0,0.37719298245614036,0.8846153846153846
7,0,0.37719298245614036,0.9230769230769231
7,0,0.4298245614035088,0.9230769230769231
7,0,0.4298245614035088,0.9615384615384616
7,0,0.45614035087719296,0.9615384615384616
7,0,0.45614035087719296,1.0
7,0,1.0,1.0
7,1,0.0,0.0
7,1,0.0,0.034482758620689655
7,1,0.0,0.9655172413793104
7,1,0.04504504504504504,0.9655172413793104
7,1,0.04504504504504504,1.0
7,1,1.0,1.0
7,2,0.0,0.0
7,2,0.0,0.02631578947368421
7,2,0.0,0.8157894736842105
7,2,0.00980392156862745,0.8157894736842105
7,2,0.00980392156862745,0.8421052631578947
7,2,0.029411764705882353,0.8421052631578947
7,2,0.029411764705882353,0.868421052631579
7,2,0.11764705882352941,0.868421052631579
7,2,0.11764705882352941,0.8947368421052632
7,2,0.14705882352941177,0.8947368421052632
7,2,0.14705882352941177,0.9210526315789473
7,2,0.16666666666666666,0.9210526315789473
7,2,0.16666666666666666,0.9473684210526315
7,2,0.19607843137254902,0.9473684210526315
7,2,0.19607843137254902,0.9736842105263158
7,2,0.8725490196078431,0.9736842105263158
7,2,0.8725490196078431,1.0
7,2,1.0,1.0
7,3,0.0,0.0
7,3,0.0,0.041666666666666664
7,3,0.0,1.0
7,3,1.0,1.0
7,4,0.0,0.0
7,4,0.0,0.043478260869565216
7,4,0.0,0.9565217391304348
7,4,0.02564102564102564,0.9565217391304348
7,4,0.02564102564102564,1.0
7,4,1.0,1.0
8,0,0.0,0.0
8,0,0.009433962264150943,0.0
8,0,0.02830188679245283,0.0
8,0,0.02830188679245283,0.3235294117647059
8,0,0.03773584905660377,0.3235294117647059
8,0,0.03773584905660377,0.4411764705882353
8,0,0.04716981132075472,0.4411764705882353
8,0,0.04716981132075472,0.47058823529411764
8,0,0.07547169811320754,0.47058823529411764
8,0,0.07547169811320754,0.5294117647058824
8,0,0.08490566037735849,0.5294117647058824
8,0,0.08490566037735849,0.5588235294117647
8,0,0.11320754716981132,0.5588235294117647
8,0,0.11320754716981132,0.6470588235294118
8,0,0.12264150943396226,0.6470588235294118
8,0,0.12264150943396226,0.7352941176470589
8,0,0.14150943396226415,0.7352941176470589
8,0,0.14150943396226415,0.7647058823529411
8,0,0.1509433962264151,0.7647058823529411
8,0,0.1509433962264151,0.8823529411764706
8,0,0.27358490566037735,0.8823529411764706
8,0,0.27358490566037735,0.9117647058823529
8,0,0.29245283018867924,0.9117647058823529
8,0,0.29245283018867924,0.9705882352941176
8,0,0.3018867924528302,0.9705882352941176
8,0,0.3018867924528302,1.0
8,0,1.0,1.0
8,1,0.0,0.0
8,1,0.0,0.04
8,1,0.0,0.88
8,1,0.008695652173913044,0.88
8,1,0.008695652173913044,1.0
8,1,1.0,1.0
8,2,0.0,0.0
8,2,0.0,0.027777777777777776
8,2,0.0,0.7222222222222222
8,2,0.057692307692307696,0.7222222222222222
8,2,0.057692307692307696,0.75
8,2,0.21153846153846154,0.75
8,2,0.21153846153846154,0.7777777777777778
8,2,0.2692307692307692,0.7777777777777778
8,2,0.2692307692307692,0.8055555555555556
8,2,0.3557692307692308,0.8055555555555556
8,2,0.3557692307692308,0.9166666666666666
8,2,0.36538461538461536,0.9166666666666666
8,2,0.36538461538461536,0.9444444444444444
8,2,0.9038461538461539,0.9444444444444444
8,2,0.9038461538461539,0.9722222222222222
8,2,0.9230769230769231,0.9722222222222222
8,2,0.9230769230769231,1.0
8,2,1.0,1.0
8,3,0.0,0.0
8,3,0.0,0.043478260869565216
8,3,0.0,0.9130434782608695
8,3,0.7264957264957265,0.9130434782608695
8,3,0.7264957264957265,0.9565217391304348
8,3,0.7692307692307693,0.9565217391304348
8,3,0.7692307692307693,1.0
8,3,1.0,1.0
8,4,0.0,0.0
8,4,0.0,0.045454545454545456
8,4,0.0,1.0
8,4,1.0,1.0
9,0,0.0,0.0
9,0,0.009174311926605505,0.0
9,0,0.01834862385321101,0.0
9,0,0.01834862385321101,0.41935483870967744
9,0,0.03669724770642202,0.41935483870967744
9,0,0.03669724770642202,0.5161290322580645
9,0,0.045871559633027525,0.5161290322580645
9,0,0.045871559633027525,0.6451612903225806
9,0,0.05504587155963303,0.6451612903225806
9,0,0.05504587155963303,0.7419354838709677
9,0,0.07339449541284404,0.7419354838709677
9,0,0.07339449541284404,0.7741935483870968
9,0,0.09174311926605505,0.7741935483870968
9,0,0.09174311926605505,0.8064516129032258
9,0,0.10091743119266056,0.8064516129032258
9,0,0.10091743119266056,0.8387096774193549
9,0,0.11009174311926606,0.8387096774193549
9,0,0.11009174311926606,0.8709677419354839
9,0,0.11926605504587157,0.8709677419354839
9,0,0.11926605504587157,0.9032258064516129
9,0,0.1743119266055046,0.9032258064516129
9,0,0.1743119266055046,0.9354838709677419
9,0,0.27522935779816515,0.9354838709677419
9,0,0.27522935779816515,0.967741935483871
9,0,0.3944954128440367,0.967741935483871
9,0,0.3944954128440367,1.0
9,0,1.0,1.0
9,1,0.0,0.0
9,1,0.0,0.03333333333333333
9,1,0.0,1.0
9,1,1.0,1.0
9,2,0.0,0.0
9,2,0.0,0.03125
9,2,0.0,0.9375
9,2,0.009259259259259259,0.9375
9,2,0.009259259259259259,0.96875
9,2,0.8425925925925926,0.96875
9,2,0.8425925925925926,1.0
9,2,1.0,1.0
9,3,0.0,0.0
9,3,0.0,0.043478260869565216
9,3,0.0,0.9565217391304348
9,3,0.4700854700854701,0.9565217391304348
9,3,0.4700854700854701,1.0
9,3,1.0,1.0
9,4,0.0,0.0
9,4,0.0,0.041666666666666664
9,4,0.0,1.0
9,4,1.0,1.0
