fold,accH,f1H,accM,f1M,accrf,f1rf
0,0.65,0.6213843579069698,0.9071428571428571,0.9125949183092039,0.9642857142857143,0.9653669449233575
1,0.6428571428571429,0.6414948492367847,0.8642857142857143,0.87498923178271,0.9857142857142858,0.9858560794044665
2,0.6142857142857143,0.5784036990488604,0.9,0.9071790767589087,0.9785714285714285,0.9782312925170068
3,0.5785714285714286,0.551343727120031,0.8428571428571429,0.8535057997477219,0.95,0.9518060485063591
4,0.5785714285714286,0.5584517777160599,0.8571428571428571,0.870178693634214,0.9714285714285714,0.9737898741586186
5,0.6,0.5699062214671878,0.8714285714285714,0.8815458049528573,0.9857142857142858,0.9865132139812447
6,0.5714285714285714,0.5402202659628401,0.9071428571428571,0.9123128988820477,0.9857142857142858,0.9866417438424575
7,0.6071428571428571,0.5722801703405151,0.8928571428571429,0.9003379953379953,1.0,1.0
8,0.6285714285714286,0.625290781763461,0.8857142857142857,0.8928754041657267,0.9642857142857143,0.9653545520772411
9,0.5571428571428572,0.5336407229510678,0.9071428571428571,0.9154480497900238,0.9857142857142858,0.9872983870967742
